<?xml version="1.0" encoding="UTF-8" standalone="yes"?>
<CORS async="false" continueOnError="false" enabled="true" name="CORS">
    <DisplayName>CORS</DisplayName>
    <AllowOrigins>*</AllowOrigins>
    <AllowMethods>GET, PUT, POST, DELETE, PATCH, OPTIONS</AllowMethods>
    <AllowHeaders>origin, x-requested-with, accept, content-type, authorization</AllowHeaders>
    <ExposeHeaders>*</ExposeHeaders>
    <MaxAge>3628800</MaxAge>
    <AllowCredentials>false</AllowCredentials>
    <GeneratePreflightResponse>true</GeneratePreflightResponse>
    <IgnoreUnresolvedVariables>true</IgnoreUnresolvedVariables>
</CORS>