<?xml version="1.0" encoding="UTF-8" standalone="yes"?>
<AssignMessage async="false" continueOnError="false" enabled="true" name="Assign-CorrelationId">
    <DisplayName>Assign-CorrelationId</DisplayName>
    <Properties/>
    <AssignVariable>
        <Name>CorrelationId</Name>
        <Value>createUuid()</Value>
        <Ref/>
    </AssignVariable>
    <IgnoreUnresolvedVariables>true</IgnoreUnresolvedVariables>
    <AssignTo createNew="false" transport="http" type="request"/>
</AssignMessage>