<?xml version="1.0" encoding="UTF-8" standalone="yes"?>
<AssignMessage async="false" continueOnError="false" enabled="true" name="Assign-Message-CorrelationId">
    <DisplayName>Assign-Message-CorrelationId</DisplayName>
    <Properties/>
    <Add>
        <Headers>
            <Header name="Correlation-Id">{createUuid()}</Header>
            <Header name="CorrelationId">{createUuid()}</Header>
        </Headers>
        <QueryParams/>
        <FormParams/>
    </Add>
    <IgnoreUnresolvedVariables>true</IgnoreUnresolvedVariables>
    <AssignTo createNew="false" transport="http" type="request"/>
</AssignMessage>